Дата,Цена
2012-01-06,5
2012-01-07,6
2012-01-08,9
2012-01-09,10
2012-01-10,12
2012-01-11,10
2012-01-12,12
2012-02-06,5
2012-02-07,6
2012-02-08,10
2012-02-09,10
2012-02-10,12
2012-02-11,10
2012-02-12,12
2012-03-06,5
2012-03-07,6
2012-03-08,11
2012-03-09,10
2012-03-10,12
2012-03-11,10
2012-03-12,12
2012-04-06,5
2012-04-07,6
2012-04-08,11
2012-04-09,10
2012-04-10,12
2012-04-11,10
2012-04-12,13
2012-05-06,5
2012-05-07,6
2012-05-08,10
2012-05-09,11
2012-05-10,12
2012-05-11,10
2012-05-12,13
2012-05-29,5
2012-05-30,5
2012-05-31,5
2012-06-06,5
2012-06-07,6
2012-06-08,10
2012-06-09,11
2012-06-10,12
2012-06-11,10
2012-06-12,13
2012-06-13,5
2012-06-14,5
2012-06-15,6
2012-06-16,6
2012-06-17,6
2012-06-18,6
2012-06-19,6
2012-06-20,6
2012-06-21,6
2012-06-22,6
2012-06-23,6
2012-06-24,6
2012-06-25,6
2012-06-26,6
2012-06-27,6
2012-06-28,6
2012-06-29,6
2012-06-30,6
2012-07-06,5
2012-07-07,6
2012-07-08,11
2012-07-09,11
2012-07-10,11
2012-07-11,10
2012-07-12,13
2012-07-13,7
2012-07-14,7
2012-07-15,7
2012-07-16,8
2012-07-17,8
2012-07-18,9
2012-07-19,8
2012-07-20,8
2012-07-21,8
2012-07-22,8
2012-07-23,8
2012-07-24,8
2012-07-25,8
2012-07-26,8
2012-07-27,8
2012-07-28,8
2012-07-29,8
2012-07-30,9
2012-07-31,9
2012-08-06,5
2012-08-07,6
2012-08-08,11
2012-08-09,11
2012-08-10,11
2012-08-11,10
2012-08-12,13
2012-08-13,12
2012-08-14,12
2012-08-15,13
2012-08-16,13
2012-08-17,11
2012-08-18,11
2012-08-19,8
2012-08-20,10
2012-08-21,9
2012-08-22,9
2012-08-23,10
2012-08-24,10
2012-08-25,10
2012-08-26,10
2012-08-27,10
2012-08-28,10
2012-08-29,10
2012-08-30,10
2012-08-31,10
2012-09-06,5
2012-09-07,7
2012-09-08,11
2012-09-09,11
2012-09-10,11
2012-09-11,10
2012-09-12,13
2012-09-13,11
2012-09-14,11
2012-09-15,11
2012-09-16,11
2012-09-17,11
2012-09-18,12
2012-09-19,12
2012-09-20,12
2012-09-21,12
2012-09-22,12
2012-09-23,12
2012-09-24,12
2012-09-25,12
2012-09-26,12
2012-09-27,12
2012-09-28,12
2012-09-29,12
2012-09-30,12
2012-10-06,5
2012-10-07,7
2012-10-08,11
2012-10-09,11
2012-10-10,12
2012-10-11,10
2012-10-12,13
2012-10-13,11
2012-10-14,11
2012-10-15,11
2012-10-16,11
2012-10-17,11
2012-10-18,11
2012-10-19,11
2012-10-20,11
2012-10-21,11
2012-10-22,11
2012-10-23,11
2012-10-24,11
2012-10-25,10
2012-10-26,10
2012-10-27,10
2012-10-28,10
2012-10-29,10
2012-10-30,10
2012-10-31,11
2012-11-06,5
2012-11-07,7
2012-11-08,11
2012-11-09,11
2012-11-10,12
2012-11-11,10
2012-11-12,13
2012-11-13,10
2012-11-14,10
2012-11-15,11
2012-11-16,11
2012-11-17,11
2012-11-18,11
2012-11-19,11
2012-11-20,11
2012-11-21,11
2012-11-22,12
2012-11-23,12
2012-11-24,12
2012-11-25,12
2012-11-26,12
2012-11-27,12
2012-11-28,12
2012-11-29,12
2012-11-30,12
2012-12-06,5
2012-12-07,7
2012-12-08,11
2012-12-09,11
2012-12-10,12
2012-12-11,11
2012-12-12,13
2012-12-13,13
2012-12-14,13
2012-12-15,13
2012-12-16,13
2012-12-17,13
2012-12-18,13
2012-12-19,13
2012-12-20,13
2012-12-21,13
2012-12-22,13
2012-12-23,13
2012-12-24,13
2012-12-25,13
2012-12-26,13
2012-12-27,13
2012-12-28,13
2012-12-29,13
2012-12-30,13
2012-12-31,13
2013-01-01,13
2013-01-02,20
2013-01-03,34
2013-01-04,104
2013-01-05,116
2013-01-06,129
2013-01-07,88
2013-01-08,104
2013-01-09,146
2013-01-10,140
2013-01-11,213
2013-01-12,1004
2013-01-13,14
2013-01-14,14
2013-01-15,14
2013-01-16,14
2013-01-17,15
2013-01-18,15
2013-01-19,15
2013-01-20,15
2013-01-21,16
2013-01-22,17
2013-01-23,17
2013-01-24,16
2013-01-25,17
2013-01-26,17
2013-01-27,17
2013-01-28,18
2013-01-29,19
2013-01-30,19
2013-01-31,20
2013-02-01,13
2013-02-02,19
2013-02-03,34
2013-02-04,118
2013-02-05,106
2013-02-06,122
2013-02-07,90
2013-02-08,104
2013-02-09,144
2013-02-10,123
2013-02-11,211
2013-02-12,1096
2013-02-13,24
2013-02-14,27
2013-02-15,27
2013-02-16,27
2013-02-17,26
2013-02-18,27
2013-02-19,29
2013-02-20,29
2013-02-21,29
2013-02-22,30
2013-02-23,29
2013-02-24,29
2013-02-25,30
2013-02-26,31
2013-02-27,30
2013-02-28,33
2013-03-01,13
2013-03-02,20
2013-03-03,34
2013-03-04,135
2013-03-05,98
2013-03-06,120
2013-03-07,78
2013-03-08,104
2013-03-09,144
2013-03-10,131
2013-03-11,224
2013-03-12,1154
2013-03-13,46
2013-03-14,47
2013-03-15,47
2013-03-16,47
2013-03-17,47
2013-03-18,51
2013-03-19,59
2013-03-20,64
2013-03-21,70
2013-03-22,69
2013-03-23,64
2013-03-24,71
2013-03-25,73
2013-03-26,78
2013-03-27,88
2013-03-28,86
2013-03-29,90
2013-03-30,92
2013-03-31,93
2013-04-01,13
2013-04-02,20
2013-04-03,36
2013-04-04,132
2013-04-05,112
2013-04-06,121
2013-04-07,80
2013-04-08,105
2013-04-09,132
2013-04-10,136
2013-04-11,238
2013-04-12,1237
2013-04-13,93
2013-04-14,90
2013-04-15,82
2013-04-16,68
2013-04-17,93
2013-04-18,109
2013-04-19,118
2013-04-20,126
2013-04-21,119
2013-04-22,127
2013-04-23,143
2013-04-24,154
2013-04-25,141
2013-04-26,136
2013-04-27,128
2013-04-28,134
2013-04-29,144
2013-04-30,139
2013-05-01,13
2013-05-02,20
2013-05-03,40
2013-05-04,142
2013-05-05,116
2013-05-06,121
2013-05-07,68
2013-05-08,106
2013-05-09,130
2013-05-10,136
2013-05-11,251
2013-05-12,1106
2013-05-13,118
2013-05-14,111
2013-05-15,114
2013-05-16,118
2013-05-17,123
2013-05-18,123
2013-05-19,122
2013-05-20,122
2013-05-21,122
2013-05-22,123
2013-05-23,126
2013-05-24,133
2013-05-25,132
2013-05-26,133
2013-05-27,129
2013-05-28,129
2013-05-29,132
2013-05-30,128
2013-05-31,128
2013-06-01,13
2013-06-02,21
2013-06-03,41
2013-06-04,142
2013-06-05,112
2013-06-06,119
2013-06-07,69
2013-06-08,106
2013-06-09,121
2013-06-10,137
2013-06-11,264
2013-06-12,845
2013-06-13,103
2013-06-14,100
2013-06-15,99
2013-06-16,99
2013-06-17,101
2013-06-18,107
2013-06-19,108
2013-06-20,111
2013-06-21,109
2013-06-22,108
2013-06-23,107
2013-06-24,102
2013-06-25,103
2013-06-26,104
2013-06-27,101
2013-06-28,94
2013-06-29,95
2013-06-30,97
2013-07-01,13
2013-07-02,22
2013-07-03,42
2013-07-04,162
2013-07-05,109
2013-07-06,111
2013-07-07,76
2013-07-08,106
2013-07-09,129
2013-07-10,135
2013-07-11,309
2013-07-12,697
2013-07-13,98
2013-07-14,94
2013-07-15,98
2013-07-16,97
2013-07-17,98
2013-07-18,90
2013-07-19,92
2013-07-20,89
2013-07-21,92
2013-07-22,91
2013-07-23,95
2013-07-24,95
2013-07-25,96
2013-07-26,96
2013-07-27,94
2013-07-28,98
2013-07-29,101
2013-07-30,108
2013-07-31,106
2013-08-01,13
2013-08-02,22
2013-08-03,44
2013-08-04,187
2013-08-05,113
2013-08-06,107
2013-08-07,76
2013-08-08,103
2013-08-09,126
2013-08-10,136
2013-08-11,355
2013-08-12,804
2013-08-13,109
2013-08-14,112
2013-08-15,110
2013-08-16,109
2013-08-17,112
2013-08-18,113
2013-08-19,118
2013-08-20,121
2013-08-21,123
2013-08-22,122
2013-08-23,118
2013-08-24,119
2013-08-25,122
2013-08-26,120
2013-08-27,131
2013-08-28,128
2013-08-29,129
2013-08-30,138
2013-08-31,141
2013-09-01,13
2013-09-02,23
2013-09-03,46
2013-09-04,230
2013-09-05,112
2013-09-06,100
2013-09-07,76
2013-09-08,102
2013-09-09,133
2013-09-10,139
2013-09-11,367
2013-09-12,919
2013-09-13,140
2013-09-14,136
2013-09-15,138
2013-09-16,139
2013-09-17,139
2013-09-18,140
2013-09-19,135
2013-09-20,133
2013-09-21,134
2013-09-22,134
2013-09-23,133
2013-09-24,134
2013-09-25,135
2013-09-26,137
2013-09-27,138
2013-09-28,142
2013-09-29,143
2013-09-30,141
2013-10-01,14
2013-10-02,24
2013-10-03,46
2013-10-04,165
2013-10-05,117
2013-10-06,106
2013-10-07,88
2013-10-08,103
2013-10-09,132
2013-10-10,140
2013-10-11,336
2013-10-12,1033
2013-10-13,147
2013-10-14,151
2013-10-15,158
2013-10-16,152
2013-10-17,157
2013-10-18,168
2013-10-19,183
2013-10-20,186
2013-10-21,192
2013-10-22,203
2013-10-23,228
2013-10-24,207
2013-10-25,197
2013-10-26,188
2013-10-27,206
2013-10-28,206
2013-10-29,216
2013-10-30,208
2013-10-31,211
2013-11-01,14
2013-11-02,24
2013-11-03,48
2013-11-04,124
2013-11-05,115
2013-11-06,109
2013-11-07,89
2013-11-08,105
2013-11-09,142
2013-11-10,140
2013-11-11,363
2013-11-12,919
2013-11-13,434
2013-11-14,433
2013-11-15,433
2013-11-16,462
2013-11-17,528
2013-11-18,785
2013-11-19,645
2013-11-20,638
2013-11-21,764
2013-11-22,802
2013-11-23,832
2013-11-24,795
2013-11-25,830
2013-11-26,970
2013-11-27,1079
2013-11-28,1101
2013-11-29,1206
2013-11-30,1205
2013-12-01,14
2013-12-02,25
2013-12-03,44
2013-12-04,117
2013-12-05,114
2013-12-06,108
2013-12-07,94
2013-12-08,106
2013-12-09,139
2013-12-10,142
2013-12-11,380
2013-12-12,900
2013-12-13,936
2013-12-14,908
2013-12-15,919
2013-12-16,759
2013-12-17,715
2013-12-18,541
2013-12-19,732
2013-12-20,650
2013-12-21,640
2013-12-22,639
2013-12-23,713
2013-12-24,702
2013-12-25,707
2013-12-26,802
2013-12-27,803
2013-12-28,762
2013-12-29,785
2013-12-30,804
2013-12-31,805
2014-01-01,815
2014-01-02,940
2014-01-03,557
2014-01-04,463
2014-01-05,460
2014-01-06,649
2014-01-07,643
2014-01-08,598
2014-01-09,477
2014-01-10,382
2014-01-11,325
2014-01-12,378
2014-01-13,922
2014-01-14,919
2014-01-15,941
2014-01-16,913
2014-01-17,894
2014-01-18,905
2014-01-19,954
2014-01-20,956
2014-01-21,962
2014-01-22,951
2014-01-23,944
2014-01-24,916
2014-01-25,961
2014-01-26,1007
2014-01-27,943
2014-01-28,932
2014-01-29,925
2014-01-30,941
2014-01-31,938
2014-02-01,856
2014-02-02,953
2014-02-03,544
2014-02-04,424
2014-02-05,453
2014-02-06,655
2014-02-07,645
2014-02-08,591
2014-02-09,478
2014-02-10,375
2014-02-11,322
2014-02-12,380
2014-02-13,451
2014-02-14,427
2014-02-15,371
2014-02-16,299
2014-02-17,272
2014-02-18,294
2014-02-19,261
2014-02-20,111
2014-02-21,111
2014-02-22,255
2014-02-23,310
2014-02-24,174
2014-02-25,135
2014-02-26,593
2014-02-27,596
2014-02-28,573
2014-03-01,884
2014-03-02,931
2014-03-03,662
2014-03-04,436
2014-03-05,438
2014-03-06,669
2014-03-07,638
2014-03-08,588
2014-03-09,480
2014-03-10,363
2014-03-11,324
2014-03-12,377
2014-03-13,625
2014-03-14,614
2014-03-15,624
2014-03-16,619
2014-03-17,606
2014-03-18,598
2014-03-19,595
2014-03-20,566
2014-03-21,549
2014-03-22,564
2014-03-23,551
2014-03-24,567
2014-03-25,562
2014-03-26,562
2014-03-27,460
2014-03-28,482
2014-03-29,477
2014-03-30,446
2014-03-31,444
2014-04-01,924
2014-04-02,926
2014-04-03,661
2014-04-04,444
2014-04-05,436
2014-04-06,638
2014-04-07,624
2014-04-08,592
2014-04-09,491
2014-04-10,335
2014-04-11,328
2014-04-12,369
2014-04-13,427
2014-04-14,478
2014-04-15,526
2014-04-16,537
2014-04-17,502
2014-04-18,485
2014-04-19,506
2014-04-20,498
2014-04-21,495
2014-04-22,487
2014-04-23,487
2014-04-24,500
2014-04-25,464
2014-04-26,457
2014-04-27,443
2014-04-28,441
2014-04-29,446
2014-04-30,445
2014-05-01,1014
2014-05-02,904
2014-05-03,658
2014-05-04,456
2014-05-05,430
2014-05-06,660
2014-05-07,623
2014-05-08,588
2014-05-09,483
2014-05-10,322
2014-05-11,338
2014-05-12,377
2014-05-13,433
2014-05-14,442
2014-05-15,448
2014-05-16,453
2014-05-17,452
2014-05-18,450
2014-05-19,443
2014-05-20,484
2014-05-21,488
2014-05-22,515
2014-05-23,518
2014-05-24,520
2014-05-25,570
2014-05-26,582
2014-05-27,570
2014-05-28,570
2014-05-29,564
2014-05-30,612
2014-05-31,627
2014-06-01,1012
2014-06-02,828
2014-06-03,648
2014-06-04,455
2014-06-05,432
2014-06-06,650
2014-06-07,626
2014-06-08,589
2014-06-09,484
2014-06-10,331
2014-06-11,347
2014-06-12,376
2014-06-13,610
2014-06-14,583
2014-06-15,582
2014-06-16,599
2014-06-17,605
2014-06-18,606
2014-06-19,600
2014-06-20,590
2014-06-21,597
2014-06-22,603
2014-06-23,591
2014-06-24,588
2014-06-25,568
2014-06-26,582
2014-06-27,602
2014-06-28,597
2014-06-29,601
2014-06-30,635
2014-07-01,879
2014-07-02,695
2014-07-03,616
2014-07-04,462
2014-07-05,446
2014-07-06,651
2014-07-07,613
2014-07-08,592
2014-07-09,485
2014-07-10,331
2014-07-11,341
2014-07-12,376
2014-07-13,628
2014-07-14,618
2014-07-15,619
2014-07-16,614
2014-07-17,626
2014-07-18,627
2014-07-19,627
2014-07-20,621
2014-07-21,625
2014-07-22,622
2014-07-23,621
2014-07-24,601
2014-07-25,600
2014-07-26,596
2014-07-27,595
2014-07-28,587
2014-07-29,585
2014-07-30,564
2014-07-31,589
2014-08-01,938
2014-08-02,648
2014-08-03,609
2014-08-04,466
2014-08-05,441
2014-08-06,651
2014-08-07,615
2014-08-08,595
2014-08-09,475
2014-08-10,350
2014-08-11,343
2014-08-12,365
2014-08-13,542
2014-08-14,504
2014-08-15,496
2014-08-16,522
2014-08-17,485
2014-08-18,462
2014-08-19,485
2014-08-20,516
2014-08-21,517
2014-08-22,516
2014-08-23,497
2014-08-24,509
2014-08-25,502
2014-08-26,512
2014-08-27,515
2014-08-28,510
2014-08-29,512
2014-08-30,506
2014-08-31,481
2014-09-01,937
2014-09-02,659
2014-09-03,627
2014-09-04,457
2014-09-05,445
2014-09-06,644
2014-09-07,623
2014-09-08,589
2014-09-09,474
2014-09-10,360
2014-09-11,362
2014-09-12,352
2014-09-13,478
2014-09-14,477
2014-09-15,477
2014-09-16,466
2014-09-17,461
2014-09-18,424
2014-09-19,397
2014-09-20,411
2014-09-21,401
2014-09-22,404
2014-09-23,436
2014-09-24,423
2014-09-25,412
2014-09-26,404
2014-09-27,399
2014-09-28,379
2014-09-29,376
2014-09-30,388
2014-10-01,957
2014-10-02,582
2014-10-03,613
2014-10-04,384
2014-10-05,451
2014-10-06,655
2014-10-07,618
2014-10-08,592
2014-10-09,479
2014-10-10,361
2014-10-11,367
2014-10-12,347
2014-10-13,387
2014-10-14,397
2014-10-15,393
2014-10-16,379
2014-10-17,380
2014-10-18,390
2014-10-19,387
2014-10-20,380
2014-10-21,382
2014-10-22,378
2014-10-23,355
2014-10-24,355
2014-10-25,346
2014-10-26,348
2014-10-27,350
2014-10-28,351
2014-10-29,335
2014-10-30,344
2014-10-31,337
2014-11-01,1005
2014-11-02,579
2014-11-03,608
2014-11-04,435
2014-11-05,433
2014-11-06,643
2014-11-07,632
2014-11-08,575
2014-11-09,478
2014-11-10,361
2014-11-11,365
2014-11-12,347
2014-11-13,428
2014-11-14,396
2014-11-15,374
2014-11-16,385
2014-11-17,384
2014-11-18,379
2014-11-19,381
2014-11-20,357
2014-11-21,351
2014-11-22,352
2014-11-23,365
2014-11-24,378
2014-11-25,376
2014-11-26,365
2014-11-27,368
2014-11-28,377
2014-11-29,376
2014-11-30,374
2014-12-01,939
2014-12-02,531
2014-12-03,619
2014-12-04,437
2014-12-05,438
2014-12-06,597
2014-12-07,635
2014-12-08,567
2014-12-09,477
2014-12-10,373
2014-12-11,432
2014-12-12,353
2014-12-13,348
2014-12-14,349
2014-12-15,345
2014-12-16,330
2014-12-17,320
2014-12-18,310
2014-12-19,317
2014-12-20,330
2014-12-21,322
2014-12-22,330
2014-12-23,335
2014-12-24,322
2014-12-25,319
2014-12-26,330
2014-12-27,315
2014-12-28,316
2014-12-29,314
2014-12-30,311
2014-12-31,318
2015-01-01,314
2015-01-02,225
2015-01-03,257
2015-01-04,246
2015-01-05,233
2015-01-06,223
2015-01-07,257
2015-01-08,280
2015-01-09,227
2015-01-10,237
2015-01-11,323
2015-01-12,361
2015-01-13,221
2015-01-14,164
2015-01-15,209
2015-01-16,206
2015-01-17,199
2015-01-18,210
2015-01-19,215
2015-01-20,210
2015-01-21,228
2015-01-22,232
2015-01-23,232
2015-01-24,248
2015-01-25,252
2015-01-26,269
2015-01-27,263
2015-01-28,236
2015-01-29,234
2015-01-30,231
2015-01-31,218
2015-02-01,315
2015-02-02,238
2015-02-03,273
2015-02-04,252
2015-02-05,235
2015-02-06,225
2015-02-07,254
2015-02-08,281
2015-02-09,228
2015-02-10,236
2015-02-11,359
2015-02-12,360
2015-02-13,236
2015-02-14,258
2015-02-15,233
2015-02-16,235
2015-02-17,243
2015-02-18,235
2015-02-19,241
2015-02-20,244
2015-02-21,244
2015-02-22,235
2015-02-23,238
2015-02-24,238
2015-02-25,237
2015-02-26,236
2015-02-27,253
2015-02-28,254
2015-03-01,287
2015-03-02,227
2015-03-03,280
2015-03-04,254
2015-03-05,240
2015-03-06,225
2015-03-07,255
2015-03-08,281
2015-03-09,226
2015-03-10,238
2015-03-11,396
2015-03-12,360
2015-03-13,287
2015-03-14,281
2015-03-15,284
2015-03-16,290
2015-03-17,285
2015-03-18,255
2015-03-19,260
2015-03-20,261
2015-03-21,259
2015-03-22,268
2015-03-23,265
2015-03-24,246
2015-03-25,246
2015-03-26,248
2015-03-27,247
2015-03-28,252
2015-03-29,242
2015-03-30,246
2015-03-31,244
2015-04-01,264
2015-04-02,226
2015-04-03,271
2015-04-04,252
2015-04-05,239
2015-04-06,224
2015-04-07,260
2015-04-08,284
2015-04-09,230
2015-04-10,238
2015-04-11,400
2015-04-12,361
2015-04-13,223
2015-04-14,218
2015-04-15,223
2015-04-16,228
2015-04-17,222
2015-04-18,223
2015-04-19,223
2015-04-20,224
2015-04-21,233
2015-04-22,233
2015-04-23,235
2015-04-24,231
2015-04-25,226
2015-04-26,218
2015-04-27,229
2015-04-28,225
2015-04-29,225
2015-04-30,235
2015-05-01,274
2015-05-02,216
2015-05-03,275
2015-05-04,259
2015-05-05,235
2015-05-06,225
2015-05-07,270
2015-05-08,281
2015-05-09,233
2015-05-10,240
2015-05-11,382
2015-05-12,386
2015-05-13,236
2015-05-14,236
2015-05-15,237
2015-05-16,236
2015-05-17,236
2015-05-18,232
2015-05-19,232
2015-05-20,234
2015-05-21,235
2015-05-22,240
2015-05-23,238
2015-05-24,241
2015-05-25,237
2015-05-26,237
2015-05-27,237
2015-05-28,237
2015-05-29,237
2015-05-30,233
2015-05-31,229
2015-06-01,282
2015-06-02,223
2015-06-03,272
2015-06-04,255
2015-06-05,230
2015-06-06,224
2015-06-07,269
2015-06-08,278
2015-06-09,239
2015-06-10,246
2015-06-11,369
2015-06-12,393
2015-06-13,232
2015-06-14,233
2015-06-15,237
2015-06-16,249
2015-06-17,247
2015-06-18,248
2015-06-19,244
2015-06-20,245
2015-06-21,244
2015-06-22,247
2015-06-23,243
2015-06-24,240
2015-06-25,242
2015-06-26,242
2015-06-27,250
2015-06-28,248
2015-06-29,257
2015-06-30,264
2015-07-01,291
2015-07-02,227
2015-07-03,274
2015-07-04,253
2015-07-05,237
2015-07-06,223
2015-07-07,266
2015-07-08,277
2015-07-09,239
2015-07-10,243
2015-07-11,385
2015-07-12,394
2015-07-13,290
2015-07-14,287
2015-07-15,283
2015-07-16,276
2015-07-17,279
2015-07-18,274
2015-07-19,273
2015-07-20,277
2015-07-21,275
2015-07-22,276
2015-07-23,275
2015-07-24,288
2015-07-25,288
2015-07-26,291
2015-07-27,293
2015-07-28,293
2015-07-29,288
2015-07-30,287
2015-07-31,283
2015-08-01,282
2015-08-02,223
2015-08-03,274
2015-08-04,244
2015-08-05,243
2015-08-06,228
2015-08-07,268
2015-08-08,258
2015-08-09,243
2015-08-10,242
2015-08-11,371
2015-08-12,410
2015-08-13,263
2015-08-14,265
2015-08-15,260
2015-08-16,257
2015-08-17,257
2015-08-18,246
2015-08-19,226
2015-08-20,234
2015-08-21,232
2015-08-22,229
2015-08-23,226
2015-08-24,211
2015-08-25,220
2015-08-26,225
2015-08-27,222
2015-08-28,231
2015-08-29,228
2015-08-30,228
2015-08-31,229
2015-09-01,288
2015-09-02,220
2015-09-03,290
2015-09-04,243
2015-09-05,241
2015-09-06,229
2015-09-07,269
2015-09-08,263
2015-09-09,237
2015-09-10,244
2015-09-11,380
2015-09-12,416
2015-09-13,230
2015-09-14,229
2015-09-15,229
2015-09-16,228
2015-09-17,232
2015-09-18,232
2015-09-19,231
2015-09-20,231
2015-09-21,226
2015-09-22,230
2015-09-23,229
2015-09-24,233
2015-09-25,235
2015-09-26,234
2015-09-27,232
2015-09-28,238
2015-09-29,236
2015-09-30,235
2015-10-01,273
2015-10-02,219
2015-10-03,291
2015-10-04,234
2015-10-05,240
2015-10-06,228
2015-10-07,283
2015-10-08,263
2015-10-09,238
2015-10-10,245
2015-10-11,336
2015-10-12,415
2015-10-13,248
2015-10-14,252
2015-10-15,254
2015-10-16,262
2015-10-17,269
2015-10-18,261
2015-10-19,263
2015-10-20,269
2015-10-21,267
2015-10-22,274
2015-10-23,276
2015-10-24,282
2015-10-25,287
2015-10-26,285
2015-10-27,294
2015-10-28,303
2015-10-29,313
2015-10-30,327
2015-10-31,311
2015-11-01,264
2015-11-02,218
2015-11-03,295
2015-11-04,236
2015-11-05,241
2015-11-06,229
2015-11-07,292
2015-11-08,269
2015-11-09,239
2015-11-10,247
2015-11-11,304
2015-11-12,449
2015-11-13,333
2015-11-14,331
2015-11-15,317
2015-11-16,330
2015-11-17,333
2015-11-18,335
2015-11-19,325
2015-11-20,321
2015-11-21,324
2015-11-22,322
2015-11-23,322
2015-11-24,318
2015-11-25,327
2015-11-26,353
2015-11-27,359
2015-11-28,355
2015-11-29,370
2015-11-30,378
2015-12-01,269
2015-12-02,221
2015-12-03,293
2015-12-04,235
2015-12-05,241
2015-12-06,230
2015-12-07,310
2015-12-08,267
2015-12-09,235
2015-12-10,245
2015-12-11,333
2015-12-12,432
2015-12-13,434
2015-12-14,442
2015-12-15,462
2015-12-16,454
2015-12-17,455
2015-12-18,463
2015-12-19,461
2015-12-20,441
2015-12-21,437
2015-12-22,437
2015-12-23,442
2015-12-24,453
2015-12-25,454
2015-12-26,415
2015-12-27,422
2015-12-28,421
2015-12-29,431
2015-12-30,427
2015-12-31,430
2016-01-01,434
2016-01-02,372
2016-01-03,434
2016-01-04,415
2016-01-05,452
2016-01-06,537
2016-01-07,674
2016-01-08,607
2016-01-09,572
2016-01-10,613
2016-01-11,726
2016-01-12,752
2016-01-13,432
2016-01-14,429
2016-01-15,372
2016-01-16,385
2016-01-17,382
2016-01-18,384
2016-01-19,379
2016-01-20,414
2016-01-21,410
2016-01-22,382
2016-01-23,388
2016-01-24,402
2016-01-25,392
2016-01-26,389
2016-01-27,395
2016-01-28,379
2016-01-29,380
2016-01-30,377
2016-01-31,369
2016-02-01,433
2016-02-02,373
2016-02-03,425
2016-02-04,418
2016-02-05,444
2016-02-06,537
2016-02-07,698
2016-02-08,513
2016-02-09,575
2016-02-10,610
2016-02-11,733
2016-02-12,770
2016-02-13,390
2016-02-14,405
2016-02-15,401
2016-02-16,406
2016-02-17,417
2016-02-18,421
2016-02-19,420
2016-02-20,440
2016-02-21,437
2016-02-22,437
2016-02-23,419
2016-02-24,422
2016-02-25,423
2016-02-26,427
2016-02-27,431
2016-02-28,432
2016-02-29,436
2016-03-01,430
2016-03-02,368
2016-03-03,419
2016-03-04,419
2016-03-05,450
2016-03-06,567
2016-03-07,661
2016-03-08,566
2016-03-09,598
2016-03-10,611
2016-03-11,684
2016-03-12,764
2016-03-13,412
2016-03-14,414
2016-03-15,415
2016-03-16,415
2016-03-17,418
2016-03-18,408
2016-03-19,408
2016-03-20,411
2016-03-21,411
2016-03-22,416
2016-03-23,417
2016-03-24,414
2016-03-25,415
2016-03-26,416
2016-03-27,424
2016-03-28,422
2016-03-29,415
2016-03-30,412
2016-03-31,415
2016-04-01,433
2016-04-02,390
2016-04-03,409
2016-04-04,419
2016-04-05,445
2016-04-06,572
2016-04-07,675
2016-04-08,576
2016-04-09,609
2016-04-10,609
2016-04-11,702
2016-04-12,766
2016-04-13,423
2016-04-14,424
2016-04-15,428
2016-04-16,430
2016-04-17,426
2016-04-18,427
2016-04-19,434
2016-04-20,441
2016-04-21,449
2016-04-22,445
2016-04-23,450
2016-04-24,457
2016-04-25,461
2016-04-26,466
2016-04-27,447
2016-04-28,448
2016-04-29,455
2016-04-30,448
2016-05-01,431
2016-05-02,386
2016-05-03,399
2016-05-04,422
2016-05-05,448
2016-05-06,574
2016-05-07,663
2016-05-08,574
2016-05-09,605
2016-05-10,611
2016-05-11,702
2016-05-12,754
2016-05-13,455
2016-05-14,456
2016-05-15,458
2016-05-16,454
2016-05-17,453
2016-05-18,454
2016-05-19,442
2016-05-20,442
2016-05-21,443
2016-05-22,439
2016-05-23,443
2016-05-24,446
2016-05-25,449
2016-05-26,453
2016-05-27,474
2016-05-28,524
2016-05-29,516
2016-05-30,532
2016-05-31,528
2016-06-01,430
2016-06-02,376
2016-06-03,406
2016-06-04,421
2016-06-05,459
2016-06-06,583
2016-06-07,672
2016-06-08,586
2016-06-09,610
2016-06-10,611
2016-06-11,709
2016-06-12,758
2016-06-13,700
2016-06-14,685
2016-06-15,690
2016-06-16,761
2016-06-17,743
2016-06-18,753
2016-06-19,761
2016-06-20,734
2016-06-21,667
2016-06-22,590
2016-06-23,620
2016-06-24,656
2016-06-25,663
2016-06-26,625
2016-06-27,644
2016-06-28,644
2016-06-29,636
2016-06-30,670
2016-07-01,457
2016-07-02,377
2016-07-03,414
2016-07-04,420
2016-07-05,458
2016-07-06,575
2016-07-07,635
2016-07-08,590
2016-07-09,613
2016-07-10,616
2016-07-11,705
2016-07-12,765
2016-07-13,661
2016-07-14,657
2016-07-15,664
2016-07-16,660
2016-07-17,676
2016-07-18,670
2016-07-19,671
2016-07-20,664
2016-07-21,664
2016-07-22,651
2016-07-23,655
2016-07-24,659
2016-07-25,654
2016-07-26,654
2016-07-27,654
2016-07-28,654
2016-07-29,655
2016-07-30,654
2016-07-31,621
2016-08-01,452
2016-08-02,372
2016-08-03,411
2016-08-04,417
2016-08-05,457
2016-08-06,580
2016-08-07,662
2016-08-08,589
2016-08-09,625
2016-08-10,617
2016-08-11,710
2016-08-12,768
2016-08-13,584
2016-08-14,569
2016-08-15,567
2016-08-16,580
2016-08-17,572
2016-08-18,573
2016-08-19,574
2016-08-20,582
2016-08-21,580
2016-08-22,587
2016-08-23,583
2016-08-24,579
2016-08-25,578
2016-08-26,579
2016-08-27,570
2016-08-28,575
2016-08-29,574
2016-08-30,577
2016-08-31,573
2016-09-01,448
2016-09-02,375
2016-09-03,412
2016-09-04,418
2016-09-05,460
2016-09-06,574
2016-09-07,651
2016-09-08,585
2016-09-09,623
2016-09-10,615
2016-09-11,721
2016-09-12,770
2016-09-13,608
2016-09-14,609
2016-09-15,608
2016-09-16,607
2016-09-17,607
2016-09-18,610
2016-09-19,609
2016-09-20,609
2016-09-21,597
2016-09-22,595
2016-09-23,602
2016-09-24,602
2016-09-25,601
2016-09-26,606
2016-09-27,605
2016-09-28,604
2016-09-29,604
2016-09-30,608
2016-10-01,446
2016-10-02,381
2016-10-03,415
2016-10-04,420
2016-10-05,449
2016-10-06,577
2016-10-07,647
2016-10-08,590
2016-10-09,624
2016-10-10,617
2016-10-11,714
2016-10-12,774
2016-10-13,635
2016-10-14,637
2016-10-15,637
2016-10-16,640
2016-10-17,637
2016-10-18,635
2016-10-19,629
2016-10-20,628
2016-10-21,630
2016-10-22,655
2016-10-23,653
2016-10-24,650
2016-10-25,651
2016-10-26,674
2016-10-27,682
2016-10-28,686
2016-10-29,715
2016-10-30,697
2016-10-31,698
2016-11-01,447
2016-11-02,379
2016-11-03,419
2016-11-04,421
2016-11-05,452
2016-11-06,591
2016-11-07,646
2016-11-08,587
2016-11-09,605
2016-11-10,640
2016-11-11,715
2016-11-12,767
2016-11-13,702
2016-11-14,704
2016-11-15,711
2016-11-16,740
2016-11-17,737
2016-11-18,747
2016-11-19,747
2016-11-20,728
2016-11-21,736
2016-11-22,749
2016-11-23,741
2016-11-24,735
2016-11-25,740
2016-11-26,734
2016-11-27,729
2016-11-28,733
2016-11-29,732
2016-11-30,742
2016-12-01,445
2016-12-02,384
2016-12-03,410
2016-12-04,424
2016-12-05,454
2016-12-06,666
2016-12-07,670
2016-12-08,587
2016-12-09,608
2016-12-10,636
2016-12-11,704
2016-12-12,778
2016-12-13,778
2016-12-14,776
2016-12-15,775
2016-12-16,782
2016-12-17,787
2016-12-18,789
2016-12-19,789
2016-12-20,799
2016-12-21,829
2016-12-22,860
2016-12-23,917
2016-12-24,891
2016-12-25,891
2016-12-26,898
2016-12-27,925
2016-12-28,972
2016-12-29,971
2016-12-30,959
2016-12-31,963
2017-01-01,995
2017-01-02,982
2017-01-03,1222
2017-01-04,1086
2017-01-05,1415
2017-01-06,2412
2017-01-07,2424
2017-01-08,2747
2017-01-09,4921
2017-01-10,4403
2017-01-11,6737
2017-01-12,10861
2017-01-13,824
2017-01-14,819
2017-01-15,821
2017-01-16,827
2017-01-17,899
2017-01-18,872
2017-01-19,895
2017-01-20,892
2017-01-21,919
2017-01-22,918
2017-01-23,921
2017-01-24,893
2017-01-25,894
2017-01-26,915
2017-01-27,918
2017-01-28,918
2017-01-29,914
2017-01-30,920
2017-01-31,965
2017-02-01,1017
2017-02-02,1004
2017-02-03,1255
2017-02-04,1097
2017-02-05,1445
2017-02-06,2492
2017-02-07,2536
2017-02-08,2720
2017-02-09,4573
2017-02-10,4401
2017-02-11,7024
2017-02-12,10912
2017-02-13,995
2017-02-14,1008
2017-02-15,1008
2017-02-16,1031
2017-02-17,1049
2017-02-18,1052
2017-02-19,1048
2017-02-20,1077
2017-02-21,1119
2017-02-22,1120
2017-02-23,1171
2017-02-24,1176
2017-02-25,1149
2017-02-26,1171
2017-02-27,1188
2017-02-28,1189
2017-03-01,1033
2017-03-02,1013
2017-03-03,1283
2017-03-04,1147
2017-03-05,1485
2017-03-06,2545
2017-03-07,2572
2017-03-08,2810
2017-03-09,4612
2017-03-10,4314
2017-03-11,7152
2017-03-12,11246
2017-03-13,1238
2017-03-14,1243
2017-03-15,1253
2017-03-16,1172
2017-03-17,1071
2017-03-18,971
2017-03-19,1022
2017-03-20,1047
2017-03-21,1121
2017-03-22,1044
2017-03-23,1035
2017-03-24,939
2017-03-25,966
2017-03-26,969
2017-03-27,1045
2017-03-28,1044
2017-03-29,1041
2017-03-30,1037
2017-03-31,1079
2017-04-01,1135
2017-04-02,1031
2017-04-03,1264
2017-04-04,1141
2017-04-05,1516
2017-04-06,2524
2017-04-07,2617
2017-04-08,2878
2017-04-09,4267
2017-04-10,4218
2017-04-11,7363
2017-04-12,11623
2017-04-13,1176
2017-04-14,1177
2017-04-15,1177
2017-04-16,1176
2017-04-17,1194
2017-04-18,1206
2017-04-19,1215
2017-04-20,1238
2017-04-21,1249
2017-04-22,1240
2017-04-23,1249
2017-04-24,1248
2017-04-25,1264
2017-04-26,1286
2017-04-27,1332
2017-04-28,1329
2017-04-29,1336
2017-04-30,1351
2017-05-01,989
2017-05-02,1016
2017-05-03,1271
2017-05-04,1129
2017-05-05,1507
2017-05-06,2705
2017-05-07,2627
2017-05-08,3262
2017-05-09,4409
2017-05-10,4321
2017-05-11,7389
2017-05-12,11667
2017-05-13,1763
2017-05-14,1772
2017-05-15,1708
2017-05-16,1729
2017-05-17,1801
2017-05-18,1881
2017-05-19,1962
2017-05-20,2040
2017-05-21,2044
2017-05-22,2124
2017-05-23,2272
2017-05-24,2445
2017-05-25,2307
2017-05-26,2244
2017-05-27,2052
2017-05-28,2189
2017-05-29,2278
2017-05-30,2192
2017-05-31,2303
2017-06-01,886
2017-06-02,1024
2017-06-03,1277
2017-06-04,1188
2017-06-05,1545
2017-06-06,2870
2017-06-07,2614
2017-06-08,3232
2017-06-09,4618
2017-06-10,4371
2017-06-11,6959
2017-06-12,13749
2017-06-13,2713
2017-06-14,2467
2017-06-15,2442
2017-06-16,2508
2017-06-17,2655
2017-06-18,2539
2017-06-19,2616
2017-06-20,2754
2017-06-21,2677
2017-06-22,2722
2017-06-23,2710
2017-06-24,2590
2017-06-25,2541
2017-06-26,2446
2017-06-27,2583
2017-06-28,2577
2017-06-29,2558
2017-06-30,2480
2017-07-01,888
2017-07-02,1049
2017-07-03,1232
2017-07-04,1190
2017-07-05,1554
2017-07-06,2691
2017-07-07,2513
2017-07-08,3401
2017-07-09,4635
2017-07-10,4435
2017-07-11,7102
2017-07-12,16850
2017-07-13,2362
2017-07-14,2234
2017-07-15,1975
2017-07-16,1914
2017-07-17,2233
2017-07-18,2320
2017-07-19,2282
2017-07-20,2866
2017-07-21,2675
2017-07-22,2836
2017-07-23,2756
2017-07-24,2763
2017-07-25,2582
2017-07-26,2559
2017-07-27,2691
2017-07-28,2806
2017-07-29,2733
2017-07-30,2766
2017-07-31,2883
2017-08-01,900
2017-08-02,1055
2017-08-03,1147
2017-08-04,1180
2017-08-05,1664
2017-08-06,2798
2017-08-07,2564
2017-08-08,3429
2017-08-09,4326
2017-08-10,4611
2017-08-11,7444
2017-08-12,16047
2017-08-13,4062
2017-08-14,4327
2017-08-15,4161
2017-08-16,4387
2017-08-17,4278
2017-08-18,4105
2017-08-19,4150
2017-08-20,4066
2017-08-21,4005
2017-08-22,4089
2017-08-23,4141
2017-08-24,4318
2017-08-25,4364
2017-08-26,4352
2017-08-27,4345
2017-08-28,4390
2017-08-29,4597
2017-08-30,4583
2017-08-31,4735
2017-09-01,899
2017-09-02,979
2017-09-03,1191
2017-09-04,1204
2017-09-05,1697
2017-09-06,2811
2017-09-07,2511
2017-09-08,3348
2017-09-09,4335
2017-09-10,4777
2017-09-11,7129
2017-09-12,14843
2017-09-13,3870
2017-09-14,3243
2017-09-15,3713
2017-09-16,3698
2017-09-17,3689
2017-09-18,4100
2017-09-19,3908
2017-09-20,3882
2017-09-21,3617
2017-09-22,3600
2017-09-23,3788
2017-09-24,3667
2017-09-25,3932
2017-09-26,3892
2017-09-27,4212
2017-09-28,4195
2017-09-29,4172
2017-09-30,4360
2017-10-01,904
2017-10-02,997
2017-10-03,1112
2017-10-04,1206
2017-10-05,1752
2017-10-06,2900
2017-10-07,2344
2017-10-08,3425
2017-10-09,4245
2017-10-10,4763
2017-10-11,6565
2017-10-12,15059
2017-10-13,5637
2017-10-14,5824
2017-10-15,5688
2017-10-16,5759
2017-10-17,5598
2017-10-18,5575
2017-10-19,5698
2017-10-20,5993
2017-10-21,6006
2017-10-22,5982
2017-10-23,5903
2017-10-24,5513
2017-10-25,5734
2017-10-26,5887
2017-10-27,5764
2017-10-28,5726
2017-10-29,6147
2017-10-30,6124
2017-10-31,6451
2017-11-01,785
2017-11-02,1008
2017-11-03,1179
2017-11-04,1220
2017-11-05,1819
2017-11-06,2973
2017-11-07,2324
2017-11-08,3654
2017-11-09,4217
2017-11-10,4824
2017-11-11,6339
2017-11-12,16732
2017-11-13,6522
2017-11-14,6597
2017-11-15,7283
2017-11-16,7853
2017-11-17,7700
2017-11-18,7780
2017-11-19,8042
2017-11-20,8244
2017-11-21,8100
2017-11-22,8234
2017-11-23,8013
2017-11-24,8200
2017-11-25,8754
2017-11-26,9318
2017-11-27,9733
2017-11-28,9906
2017-11-29,9837
2017-11-30,9946
2017-12-01,810
2017-12-02,996
2017-12-03,1225
2017-12-04,1212
2017-12-05,1686
2017-12-06,2656
2017-12-07,2403
2017-12-08,3871
2017-12-09,4158
2017-12-10,5432
2017-12-11,5878
2017-12-12,17083
2017-12-13,16286
2017-12-14,16467
2017-12-15,17604
2017-12-16,19345
2017-12-17,19065
2017-12-18,18972
2017-12-19,17523
2017-12-20,16462
2017-12-21,15632
2017-12-22,13665
2017-12-23,14396
2017-12-24,13790
2017-12-25,13833
2017-12-26,15756
2017-12-27,15416
2017-12-28,14398
2017-12-29,14392
2017-12-30,12531
2017-12-31,13850
2018-01-01,13444
2018-01-02,9181
2018-01-03,10904
2018-01-04,6825
2018-01-05,9074
2018-01-06,7530
2018-01-07,6366
2018-01-08,7606
2018-01-09,7189
2018-01-10,6608
2018-01-11,6400
2018-01-12,4196
2018-01-13,14292
2018-01-14,13695
2018-01-15,13697
2018-01-16,11362
2018-01-17,11192
2018-01-18,11245
2018-01-19,11580
2018-01-20,12858
2018-01-21,11594
2018-01-22,10864
2018-01-23,10903
2018-01-24,11452
2018-01-25,11203
2018-01-26,11118
2018-01-27,11467
2018-01-28,11795
2018-01-29,11244
2018-01-30,10166
2018-01-31,10265
2018-02-01,14754
2018-02-02,8893
2018-02-03,10827
2018-02-04,7068
2018-02-05,9243
2018-02-06,7646
2018-02-07,6619
2018-02-08,7535
2018-02-09,7293
2018-02-10,6549
2018-02-11,6424
2018-02-12,4160
2018-02-13,8539
2018-02-14,9476
2018-02-15,10037
2018-02-16,10178
2018-02-17,11073
2018-02-18,10398
2018-02-19,11169
2018-02-20,11238
2018-02-21,10473
2018-02-22,9841
2018-02-23,10170
2018-02-24,9704
2018-02-25,9585
2018-02-26,10285
2018-02-27,10594
2018-02-28,10333
2018-03-01,15156
2018-03-02,9241
2018-03-03,11402
2018-03-04,7424
2018-03-05,9749
2018-03-06,7729
2018-03-07,6513
2018-03-08,7419
2018-03-09,7264
2018-03-10,6507
2018-03-11,6386
2018-03-12,3897
2018-03-13,9154
2018-03-14,8210
2018-03-15,8264
2018-03-16,8289
2018-03-17,7874
2018-03-18,8201
2018-03-19,8616
2018-03-20,8912
2018-03-21,8905
2018-03-22,8726
2018-03-23,8916
2018-03-24,8547
2018-03-25,8473
2018-03-26,8143
2018-03-27,7801
2018-03-28,7954
2018-03-29,7129
2018-03-30,6853
2018-03-31,6938
2018-04-01,15180
2018-04-02,8222
2018-04-03,11416
2018-04-04,6808
2018-04-05,9708
2018-04-06,7504
2018-04-07,6598
2018-04-08,7014
2018-04-09,7377
2018-04-10,6584
2018-04-11,6478
2018-04-12,3958
2018-04-13,7887
2018-04-14,8004
2018-04-15,8363
2018-04-16,8070
2018-04-17,7908
2018-04-18,8178
2018-04-19,8290
2018-04-20,8867
2018-04-21,8923
2018-04-22,8806
2018-04-23,8952
2018-04-24,9645
2018-04-25,8873
2018-04-26,9287
2018-04-27,8940
2018-04-28,9352
2018-04-29,9415
2018-04-30,9245
2018-05-01,16954
2018-05-02,6938
2018-05-03,11330
2018-05-04,6782
2018-05-05,9853
2018-05-06,7631
2018-05-07,6546
2018-05-08,7027
2018-05-09,6706
2018-05-10,6639
2018-05-11,6459
2018-05-12,3771
2018-05-13,8693
2018-05-14,8674
2018-05-15,8477
2018-05-16,8344
2018-05-17,8063
2018-05-18,8245
2018-05-19,8245
2018-05-20,8529
2018-05-21,8403
2018-05-22,8006
2018-05-23,7512
2018-05-24,7592
2018-05-25,7477
2018-05-26,7361
2018-05-27,7366
2018-05-28,7119
2018-05-29,7467
2018-05-30,7400
2018-05-31,7502
2018-06-01,17172
2018-06-02,7701
2018-06-03,10675
2018-06-04,6624
2018-06-05,9656
2018-06-06,7661
2018-06-07,6617
2018-06-08,6943
2018-06-09,6514
2018-06-10,6596
2018-06-11,6502
2018-06-12,3508
2018-06-13,6312
2018-06-14,6647
2018-06-15,6410
2018-06-16,6505
2018-06-17,6460
2018-06-18,6719
2018-06-19,6752
2018-06-20,6765
2018-06-21,6728
2018-06-22,6055
2018-06-23,6167
2018-06-24,6154
2018-06-25,6256
2018-06-26,6082
2018-06-27,6154
2018-06-28,5883
2018-06-29,6213
2018-06-30,6398
2018-07-01,16228
2018-07-02,7594
2018-07-03,9902
2018-07-04,6905
2018-07-05,9431
2018-07-06,7697
2018-07-07,6765
2018-07-08,6724
2018-07-09,6390
2018-07-10,6611
2018-07-11,6565
2018-07-12,3422
2018-07-13,6230
2018-07-14,6254
2018-07-15,6362
2018-07-16,6729
2018-07-17,7322
2018-07-18,7383
2018-07-19,7477
2018-07-20,7339
2018-07-21,7408
2018-07-22,7412
2018-07-23,7723
2018-07-24,8407
2018-07-25,8173
2018-07-26,7937
2018-07-27,8187
2018-07-28,8234
2018-07-29,8215
2018-07-30,8177
2018-07-31,7729
2018-08-01,14976
2018-08-02,8164
2018-08-03,9300
2018-08-04,7030
2018-08-05,9196
2018-08-06,7622
2018-08-07,6714
2018-08-08,6283
2018-08-09,6184
2018-08-10,6669
2018-08-11,6474
2018-08-12,3430
2018-08-13,6255
2018-08-14,6190
2018-08-15,6256
2018-08-16,6306
2018-08-17,6581
2018-08-18,6379
2018-08-19,6481
2018-08-20,6268
2018-08-21,6482
2018-08-22,6359
2018-08-23,6521
2018-08-24,6680
2018-08-25,6734
2018-08-26,6712
2018-08-27,6897
2018-08-28,7074
2018-08-29,7029
2018-08-30,6993
2018-08-31,7033
2018-09-01,14778
2018-09-02,8699
2018-09-03,9217
2018-09-04,6781
2018-09-05,9319
2018-09-06,7515
2018-09-07,6667
2018-09-08,6538
2018-09-09,6238
2018-09-10,6650
2018-09-11,6412
2018-09-12,3567
2018-09-13,6482
2018-09-14,6483
2018-09-15,6519
2018-09-16,6500
2018-09-17,6251
2018-09-18,6342
2018-09-19,6390
2018-09-20,6489
2018-09-21,6766
2018-09-22,6729
2018-09-23,6704
2018-09-24,6584
2018-09-25,6445
2018-09-26,6468
2018-09-27,6689
2018-09-28,6636
2018-09-29,6603
2018-09-30,6635
2018-10-01,15043
2018-10-02,8559
2018-10-03,8762
2018-10-04,6854
2018-10-05,9025
2018-10-06,6775
2018-10-07,6307
2018-10-08,6152
2018-10-09,6321
2018-10-10,6618
2018-10-11,6427
2018-10-12,3460
2018-10-13,6321
2018-10-14,6326
2018-10-15,6699
2018-10-16,6705
2018-10-17,6686
2018-10-18,6574
2018-10-19,6512
2018-10-20,6572
2018-10-21,6583
2018-10-22,6555
2018-10-23,6528
2018-10-24,6530
2018-10-25,6507
2018-10-26,6510
2018-10-27,6494
2018-10-28,6486
2018-10-29,6335
2018-10-30,6325
2018-10-31,6365
2018-11-01,13535
2018-11-02,8081
2018-11-03,9529
2018-11-04,6962
2018-11-05,8408
2018-11-06,6885
2018-11-07,6389
2018-11-08,6231
2018-11-09,6293
2018-11-10,6239
2018-11-11,6446
2018-11-12,3407
2018-11-13,6429
2018-11-14,5842
2018-11-15,5718
2018-11-16,5636
2018-11-17,5621
2018-11-18,5658
2018-11-19,4883
2018-11-20,4524
2018-11-21,4638
2018-11-22,4356
2018-11-23,4398
2018-11-24,3920
2018-11-25,4062
2018-11-26,3837
2018-11-27,3866
2018-11-28,4265
2018-11-29,4296
2018-11-30,4039
2018-12-01,13886
2018-12-02,8903
2018-12-03,9137
2018-12-04,7926
2018-12-05,8459
2018-12-06,6558
2018-12-07,6250
2018-12-08,6313
2018-12-09,6338
2018-12-10,6291
2018-12-11,6435
2018-12-12,3466
2018-12-13,3315
2018-12-14,3247
2018-12-15,3228
2018-12-16,3247
2018-12-17,3526
2018-12-18,3668
2018-12-19,3687
2018-12-20,4076
2018-12-21,3850
2018-12-22,3964
2018-12-23,3944
2018-12-24,4026
2018-12-25,3762
2018-12-26,3793
2018-12-27,3586
2018-12-28,3861
2018-12-29,3706
2018-12-30,3815
2018-12-31,3709
2019-01-01,3809
2019-01-02,3467
2019-01-03,3821
2019-01-04,4145
2019-01-05,5384
2019-01-06,8545
2019-01-07,10616
2019-01-08,10380
2019-01-09,9729
2019-01-10,8302
2019-01-11,9230
2019-01-12,7396
2019-01-13,3490
2019-01-14,3638
2019-01-15,3571
2019-01-16,3588
2019-01-17,3626
2019-01-18,3605
2019-01-19,3677
2019-01-20,3542
2019-01-21,3536
2019-01-22,3580
2019-01-23,3561
2019-01-24,3574
2019-01-25,3572
2019-01-26,3570
2019-01-27,3555
2019-01-28,3442
2019-01-29,3414
2019-01-30,3460
2019-01-31,3437
2019-02-01,3873
2019-02-02,3502
2019-02-03,3823
2019-02-04,4859
2019-02-05,5493
2019-02-06,8728
2019-02-07,10835
2019-02-08,10520
2019-02-09,10348
2019-02-10,8364
2019-02-11,9300
2019-02-12,7298
2019-02-13,3611
2019-02-14,3592
2019-02-15,3604
2019-02-16,3616
2019-02-17,3664
2019-02-18,3896
2019-02-19,3914
2019-02-20,3972
2019-02-21,3936
2019-02-22,3965
2019-02-23,4120
2019-02-24,3755
2019-02-25,3833
2019-02-26,3810
2019-02-27,3814
2019-02-28,3816
2019-03-01,3780
2019-03-02,3459
2019-03-03,3809
2019-03-04,4968
2019-03-05,5766
2019-03-06,8124
2019-03-07,11900
2019-03-08,10815
2019-03-09,10612
2019-03-10,8226
2019-03-11,9198
2019-03-12,7291
2019-03-13,3865
2019-03-14,3879
2019-03-15,3924
2019-03-16,4006
2019-03-17,3981
2019-03-18,3990
2019-03-19,4017
2019-03-20,4041
2019-03-21,3982
2019-03-22,3990
2019-03-23,4002
2019-03-24,3994
2019-03-25,3937
2019-03-26,3942
2019-03-27,4041
2019-03-28,4025
2019-03-29,4102
2019-03-30,4111
2019-03-31,4102
2019-04-01,3802
2019-04-02,3462
2019-04-03,3715
2019-04-04,4902
2019-04-05,5830
2019-04-06,7685
2019-04-07,11163
2019-04-08,10934
2019-04-09,10568
2019-04-10,8148
2019-04-11,9396
2019-04-12,7204
2019-04-13,5051
2019-04-14,5134
2019-04-15,5032
2019-04-16,5180
2019-04-17,5208
2019-04-18,5264
2019-04-19,5241
2019-04-20,5290
2019-04-21,5243
2019-04-22,5346
2019-04-23,5511
2019-04-24,5415
2019-04-25,5209
2019-04-26,5298
2019-04-27,5265
2019-04-28,5302
2019-04-29,5235
2019-04-30,5320
2019-05-01,3785
2019-05-02,3468
2019-05-03,3857
2019-05-04,5010
2019-05-05,5774
2019-05-06,7779
2019-05-07,10970
2019-05-08,11816
2019-05-09,10566
2019-05-10,8127
2019-05-11,9310
2019-05-12,7399
2019-05-13,7806
2019-05-14,7994
2019-05-15,8164
2019-05-16,7871
2019-05-17,7359
2019-05-18,7262
2019-05-19,8157
2019-05-20,7965
2019-05-21,7930
2019-05-22,7635
2019-05-23,7852
2019-05-24,7970
2019-05-25,8027
2019-05-26,8630
2019-05-27,8760
2019-05-28,8716
2019-05-29,8647
2019-05-30,8271
2019-05-31,8558
2019-06-01,4004
2019-06-02,3404
2019-06-03,3863
2019-06-04,5046
2019-06-05,5745
2019-06-06,7784
2019-06-07,11268
2019-06-08,11480
2019-06-09,10309
2019-06-10,7881
2019-06-11,9338
2019-06-12,7530
2019-06-13,8219
2019-06-14,8656
2019-06-15,8812
2019-06-16,8962
2019-06-17,9318
2019-06-18,9080
2019-06-19,9255
2019-06-20,9517
2019-06-21,10179
2019-06-22,10721
2019-06-23,10897
2019-06-24,11046
2019-06-25,11809
2019-06-26,13063
2019-06-27,11287
2019-06-28,12409
2019-06-29,11906
2019-06-30,10818
2019-07-01,3985
2019-07-02,3397
2019-07-03,3875
2019-07-04,5173
2019-07-05,5849
2019-07-06,7985
2019-07-07,11415
2019-07-08,12013
2019-07-09,10461
2019-07-10,8198
2019-07-11,9223
2019-07-12,7510
2019-07-13,11364
2019-07-14,10200
2019-07-15,10845
2019-07-16,9424
2019-07-17,9723
2019-07-18,10651
2019-07-19,10571
2019-07-20,10826
2019-07-21,10714
2019-07-22,10412
2019-07-23,9888
2019-07-24,9804
2019-07-25,9945
2019-07-26,9831
2019-07-27,9492
2019-07-28,9727
2019-07-29,9580
2019-07-30,9580
2019-07-31,10082
2019-08-01,3971
2019-08-02,3661
2019-08-03,3865
2019-08-04,5245
2019-08-05,5990
2019-08-06,7901
2019-08-07,12252
2019-08-08,12191
2019-08-09,10402
2019-08-10,8182
2019-08-11,8778
2019-08-12,7524
2019-08-13,10892
2019-08-14,10049
2019-08-15,10303
2019-08-16,10335
2019-08-17,10218
2019-08-18,10312
2019-08-19,10910
2019-08-20,10752
2019-08-21,10141
2019-08-22,10105
2019-08-23,10388
2019-08-24,10131
2019-08-25,10136
2019-08-26,10371
2019-08-27,10184
2019-08-28,9729
2019-08-29,9491
2019-08-30,9585
2019-08-31,9594
2019-09-01,3978
2019-09-02,3661
2019-09-03,3944
2019-09-04,5158
2019-09-05,6191
2019-09-06,7635
2019-09-07,12541
2019-09-08,12089
2019-09-09,10309
2019-09-10,8566
2019-09-11,8804
2019-09-12,7355
2019-09-13,10342
2019-09-14,10337
2019-09-15,10311
2019-09-16,10255
2019-09-17,10195
2019-09-18,10164
2019-09-19,10250
2019-09-20,10172
2019-09-21,9993
2019-09-22,10031
2019-09-23,9702
2019-09-24,8513
2019-09-25,8432
2019-09-26,8063
2019-09-27,8184
2019-09-28,8208
2019-09-29,8049
2019-09-30,8284
2019-10-01,3603
2019-10-02,3679
2019-10-03,3915
2019-10-04,5307
2019-10-05,6386
2019-10-06,7987
2019-10-07,12110
2019-10-08,11314
2019-10-09,10105
2019-10-10,8562
2019-10-11,9036
2019-10-12,7235
2019-10-13,8281
2019-10-14,8353
2019-10-15,8167
2019-10-16,8000
2019-10-17,8073
2019-10-18,7948
2019-10-19,7957
2019-10-20,8223
2019-10-21,8208
2019-10-22,8031
2019-10-23,7477
2019-10-24,7422
2019-10-25,8658
2019-10-26,9230
2019-10-27,9529
2019-10-28,9207
2019-10-29,9411
2019-10-30,9157
2019-10-31,9152
2019-11-01,3616
2019-11-02,3631
2019-11-03,3870
2019-11-04,5022
2019-11-05,7190
2019-11-06,7888
2019-11-07,11342
2019-11-08,11517
2019-11-09,10162
2019-11-10,8267
2019-11-11,8736
2019-11-12,7208
2019-11-13,8783
2019-11-14,8661
2019-11-15,8476
2019-11-16,8497
2019-11-17,8509
2019-11-18,8208
2019-11-19,8145
2019-11-20,8099
2019-11-21,7627
2019-11-22,7272
2019-11-23,7324
2019-11-24,6924
2019-11-25,7115
2019-11-26,7162
2019-11-27,7510
2019-11-28,7426
2019-11-29,7742
2019-11-30,7546
2019-12-01,3597
2019-12-02,3632
2019-12-03,3886
2019-12-04,5054
2019-12-05,6984
2019-12-06,8133
2019-12-07,11762
2019-12-08,11394
2019-12-09,10415
2019-12-10,8304
2019-12-11,8812
2019-12-12,7208
2019-12-13,7255
2019-12-14,7080
2019-12-15,7128
2019-12-16,6903
2019-12-17,6613
2019-12-18,7276
2019-12-19,7165
2019-12-20,7196
2019-12-21,7156
2019-12-22,7495
2019-12-23,7322
2019-12-24,7268
2019-12-25,7224
2019-12-26,7210
2019-12-27,7261
2019-12-28,7321
2019-12-29,7397
2019-12-30,7261
2019-12-31,7196
2020-01-01,7199
2020-01-02,9381
2020-01-03,8540
2020-01-04,6638
2020-01-05,8821
2020-01-06,10189
2020-01-07,9229
2020-01-08,11803
2020-01-09,11914
2020-01-10,10620
2020-01-11,13759
2020-01-12,18770
2020-01-13,8111
2020-01-14,8829
2020-01-15,8818
2020-01-16,8726
2020-01-17,8913
2020-01-18,8916
2020-01-19,8706
2020-01-20,8641
2020-01-21,8732
2020-01-22,8678
2020-01-23,8405
2020-01-24,8439
2020-01-25,8341
2020-01-26,8607
2020-01-27,8866
2020-01-28,9377
2020-01-29,9298
2020-01-30,9507
2020-01-31,9349
2020-02-01,6967
2020-02-02,9334
2020-02-03,8904
2020-02-04,6800
2020-02-05,8966
2020-02-06,9527
2020-02-07,9085
2020-02-08,11066
2020-02-09,11413
2020-02-10,10572
2020-02-11,13561
2020-02-12,19218
2020-02-13,10235
2020-02-14,10333
2020-02-15,9907
2020-02-16,9932
2020-02-17,9701
2020-02-18,10158
2020-02-19,9609
2020-02-20,9602
2020-02-21,9684
2020-02-22,9655
2020-02-23,9942
2020-02-24,9662
2020-02-25,9317
2020-02-26,8800
2020-02-27,8818
2020-02-28,8697
2020-02-29,8543
2020-03-01,7343
2020-03-02,9296
2020-03-03,8761
2020-03-04,6735
2020-03-05,8885
2020-03-06,9667
2020-03-07,9067
2020-03-08,11224
2020-03-09,10168
2020-03-10,10544
2020-03-11,14019
2020-03-12,19433
2020-03-13,5584
2020-03-14,5182
2020-03-15,5366
2020-03-16,5030
2020-03-17,5261
2020-03-18,5361
2020-03-19,6172
2020-03-20,6205
2020-03-21,6186
2020-03-22,5822
2020-03-23,6468
2020-03-24,6744
2020-03-25,6678
2020-03-26,6725
2020-03-27,6373
2020-03-28,6233
2020-03-29,5890
2020-03-30,6391
2020-03-31,6412
2020-04-01,7376
2020-04-02,9193
2020-04-03,8757
2020-04-04,6857
2020-04-05,8874
2020-04-06,9794
2020-04-07,9134
2020-04-08,11184
2020-04-09,10472
2020-04-10,10672
2020-04-11,14145
2020-04-12,18658
2020-04-13,6841
2020-04-14,6850
2020-04-15,6629
2020-04-16,7085
2020-04-17,7035
2020-04-18,7230
2020-04-19,7122
2020-04-20,6833
2020-04-21,6842
2020-04-22,7112
2020-04-23,7488
2020-04-24,7503
2020-04-25,7540
2020-04-26,7678
2020-04-27,7766
2020-04-28,7746
2020-04-29,8770
2020-04-30,8629
2020-05-01,7372
2020-05-02,9611
2020-05-03,9060
2020-05-04,6772
2020-05-05,9001
2020-05-06,9631
2020-05-07,9081
2020-05-08,11735
2020-05-09,10092
2020-05-10,10789
2020-05-11,15587
2020-05-12,19146
2020-05-13,9298
2020-05-14,9778
2020-05-15,9318
2020-05-16,9379
2020-05-17,9677
2020-05-18,9730
2020-05-19,9773
2020-05-20,9512
2020-05-21,9059
2020-05-22,9169
2020-05-23,9177
2020-05-24,8728
2020-05-25,8898
2020-05-26,8842
2020-05-27,9199
2020-05-28,9572
2020-05-29,9424
2020-05-30,9692
2020-05-31,9454
2020-06-01,7759
2020-06-02,9772
2020-06-03,9134
2020-06-04,7332
2020-06-05,9151
2020-06-06,9669
2020-06-07,9339
2020-06-08,11757
2020-06-09,10296
2020-06-10,10602
2020-06-11,15577
2020-06-12,19379
2020-06-13,9471
2020-06-14,9345
2020-06-15,9425
2020-06-16,9523
2020-06-17,9464
2020-06-18,9388
2020-06-19,9314
2020-06-20,9358
2020-06-21,9296
2020-06-22,9683
2020-06-23,9624
2020-06-24,9302
2020-06-25,9247
2020-06-26,9160
2020-06-27,9008
2020-06-28,9124
2020-06-29,9185
2020-06-30,9135
2020-07-01,8155
2020-07-02,9818
2020-07-03,8887
2020-07-04,7185
2020-07-05,9979
2020-07-06,9742
2020-07-07,9256
2020-07-08,11592
2020-07-09,10376
2020-07-10,10670
2020-07-11,14828
2020-07-12,19170
2020-07-13,9243
2020-07-14,9253
2020-07-15,9198
2020-07-16,9135
2020-07-17,9155
2020-07-18,9170
2020-07-19,9208
2020-07-20,9162
2020-07-21,9387
2020-07-22,9513
2020-07-23,9599
2020-07-24,9546
2020-07-25,9704
2020-07-26,9932
2020-07-27,11022
2020-07-28,10908
2020-07-29,11105
2020-07-30,11096
2020-07-31,11333
2020-08-01,8059
2020-08-02,9895
2020-08-03,8034
2020-08-04,7361
2020-08-05,9806
2020-08-06,9777
2020-08-07,9429
2020-08-08,11764
2020-08-09,10126
2020-08-10,10924
2020-08-11,15483
2020-08-12,18326
2020-08-13,11770
2020-08-14,11750
2020-08-15,11845
2020-08-16,11899
2020-08-17,12282
2020-08-18,11947
2020-08-19,11750
2020-08-20,11856
2020-08-21,11529
2020-08-22,11661
2020-08-23,11641
2020-08-24,11753
2020-08-25,11324
2020-08-26,11462
2020-08-27,11327
2020-08-28,11527
2020-08-29,11468
2020-08-30,11702
2020-08-31,11644
2020-09-01,7842
2020-09-02,10151
2020-09-03,7933
2020-09-04,7289
2020-09-05,9554
2020-09-06,9768
2020-09-07,9235
2020-09-08,11681
2020-09-09,10224
2020-09-10,11054
2020-09-11,15327
2020-09-12,18546
2020-09-13,10326
2020-09-14,10675
2020-09-15,10785
2020-09-16,10949
2020-09-17,10941
2020-09-18,10933
2020-09-19,11081
2020-09-20,10921
2020-09-21,10416
2020-09-22,10531
2020-09-23,10237
2020-09-24,10739
2020-09-25,10688
2020-09-26,10727
2020-09-27,10776
2020-09-28,10693
2020-09-29,10840
2020-09-30,10776
2020-10-01,8187
2020-10-02,9854
2020-10-03,7891
2020-10-04,6863
2020-10-05,8738
2020-10-06,9878
2020-10-07,9285
2020-10-08,11889
2020-10-09,10339
2020-10-10,11298
2020-10-11,15303
2020-10-12,18247
2020-10-13,11423
2020-10-14,11420
2020-10-15,11503
2020-10-16,11322
2020-10-17,11362
2020-10-18,11506
2020-10-19,11753
2020-10-20,11913
2020-10-21,12808
2020-10-22,12974
2020-10-23,12934
2020-10-24,13117
2020-10-25,13032
2020-10-26,13061
2020-10-27,13657
2020-10-28,13278
2020-10-29,13457
2020-10-30,13559
2020-10-31,13797
2020-11-01,8024
2020-11-02,10229
2020-11-03,7935
2020-11-04,6867
2020-11-05,8579
2020-11-06,9283
2020-11-07,9233
2020-11-08,11390
2020-11-09,10390
2020-11-10,11371
2020-11-11,15695
2020-11-12,18023
2020-11-13,16324
2020-11-14,16071
2020-11-15,15953
2020-11-16,16715
2020-11-17,17662
2020-11-18,17774
2020-11-19,17803
2020-11-20,18675
2020-11-21,18687
2020-11-22,18412
2020-11-23,18379
2020-11-24,19152
2020-11-25,18723
2020-11-26,17162
2020-11-27,17127
2020-11-28,17730
2020-11-29,18185
2020-11-30,19698
2020-12-01,8187
2020-12-02,10317
2020-12-03,4826
2020-12-04,6917
2020-12-05,8813
2020-12-06,9466
2020-12-07,9300
2020-12-08,11557
2020-12-09,10441
2020-12-10,11533
2020-12-11,16294
2020-12-12,18808
2020-12-13,19176
2020-12-14,19273
2020-12-15,19434
2020-12-16,21352
2020-12-17,22825
2020-12-18,23127
2020-12-19,23844
2020-12-20,23474
2020-12-21,22728
2020-12-22,23823
2020-12-23,23257
2020-12-24,23736
2020-12-25,24689
2020-12-26,26454
2020-12-27,26261
2020-12-28,27057
2020-12-29,27376
2020-12-30,28868
2020-12-31,28949
2021-01-01,29359
2021-01-02,33515
2021-01-03,49595
2021-01-04,58718
2021-01-05,57807
2021-01-06,36687
2021-01-07,33543
2021-01-08,39878
2021-01-09,48819
2021-01-10,48146
2021-01-11,60915
2021-01-12,57210
2021-01-13,37382
2021-01-14,39175
2021-01-15,36845
2021-01-16,36019
2021-01-17,35839
2021-01-18,36613
2021-01-19,36002
2021-01-20,35476
2021-01-21,30842
2021-01-22,33000
2021-01-23,32088
2021-01-24,32241
2021-01-25,32252
2021-01-26,32502
2021-01-27,30404
2021-01-28,33374
2021-01-29,34301
2021-01-30,34283
2021-01-31,33108
2021-02-01,32193
2021-02-02,35485
2021-02-03,48424
2021-02-04,58977
2021-02-05,56603
2021-02-06,37555
2021-02-07,33813
2021-02-08,39168
2021-02-09,49274
2021-02-10,47666
2021-02-11,63221
2021-02-12,56496
2021-02-13,47168
2021-02-14,48643
2021-02-15,47936
2021-02-16,49169
2021-02-17,52079
2021-02-18,51582
2021-02-19,55906
2021-02-20,55923
2021-02-21,57433
2021-02-22,54111
2021-02-23,48911
2021-02-24,49697
2021-02-25,46928
2021-02-26,46345
2021-02-27,46136
2021-02-28,45164
2021-03-01,32958
2021-03-02,37646
2021-03-03,50395
2021-03-04,57059
2021-03-05,57169
2021-03-06,39187
2021-03-07,34742
2021-03-08,38130
2021-03-09,49999
2021-03-10,48200
2021-03-11,62918
2021-03-12,53631
2021-03-13,61195
2021-03-14,59113
2021-03-15,55791
2021-03-16,56889
2021-03-17,58913
2021-03-18,57656
2021-03-19,58088
2021-03-20,58093
2021-03-21,57383
2021-03-22,54158
2021-03-23,54452
2021-03-24,52325
2021-03-25,51322
2021-03-26,55036
2021-03-27,55862
2021-03-28,55765
2021-03-29,57616
2021-03-30,58771
2021-03-31,58763
2021-04-01,32022
2021-04-02,36982
2021-04-03,48428
2021-04-04,58199
2021-04-05,53741
2021-04-06,36851
2021-04-07,35298
2021-04-08,39736
2021-04-09,49918
2021-04-10,49227
2021-04-11,61412
2021-04-12,49195
2021-04-13,63540
2021-04-14,62980
2021-04-15,63216
2021-04-16,61379
2021-04-17,60041
2021-04-18,56207
2021-04-19,55646
2021-04-20,56483
2021-04-21,53820
2021-04-22,51729
2021-04-23,51143
2021-04-24,50088
2021-04-25,48963
2021-04-26,54020
2021-04-27,55036
2021-04-28,54841
2021-04-29,53560
2021-04-30,57720
2021-05-01,33991
2021-05-02,38297
2021-05-03,48792
2021-05-04,58993
2021-05-05,57441
2021-05-06,35520
2021-05-07,33687
2021-05-08,40867
2021-05-09,51768
2021-05-10,51469
2021-05-11,60974
2021-05-12,49405
2021-05-13,49704
2021-05-14,49839
2021-05-15,46708
2021-05-16,46426
2021-05-17,43541
2021-05-18,42897
2021-05-19,36720
2021-05-20,40717
2021-05-21,37297
2021-05-22,37448
2021-05-23,34679
2021-05-24,38750
2021-05-25,38378
2021-05-26,39249
2021-05-27,38417
2021-05-28,35662
2021-05-29,34584
2021-05-30,35652
2021-05-31,37298
2021-06-01,36793
2021-06-02,39256
2021-06-03,48855
2021-06-04,57996
2021-06-05,56405
2021-06-06,35815
2021-06-07,34225
2021-06-08,42795
2021-06-09,52672
2021-06-10,55323
2021-06-11,61483
2021-06-12,50562
2021-06-13,39022
2021-06-14,40529
2021-06-15,40156
2021-06-16,38336
2021-06-17,38052
2021-06-18,35749
2021-06-19,35513
2021-06-20,35595
2021-06-21,31692
2021-06-22,32496
2021-06-23,33674
2021-06-24,34665
2021-06-25,31594
2021-06-26,32243
2021-06-27,34678
2021-06-28,34475
2021-06-29,35834
2021-06-30,35026
2021-07-01,39460
2021-07-02,38852
2021-07-03,50982
2021-07-04,55948
2021-07-05,57337
2021-07-06,33578
2021-07-07,33867
2021-07-08,44614
2021-07-09,46779
2021-07-10,53783
2021-07-11,63273
2021-07-12,50595
2021-07-13,32728
2021-07-14,32820
2021-07-15,31840
2021-07-16,31394
2021-07-17,31518
2021-07-18,31785
2021-07-19,30837
2021-07-20,29793
2021-07-21,32131
2021-07-22,32298
2021-07-23,33603
2021-07-24,33824
2021-07-25,35391
2021-07-26,37276
2021-07-27,39452
2021-07-28,40003
2021-07-29,40001
2021-07-30,42203
2021-07-31,41553
2021-08-01,40599
2021-08-02,46395
2021-08-03,52311
2021-08-04,58077
2021-08-05,58840
2021-08-06,33382
2021-08-07,32866
2021-08-08,43792
2021-08-09,46061
2021-08-10,53914
2021-08-11,67527
2021-08-12,50473
2021-08-13,47809
2021-08-14,47081
2021-08-15,46991
2021-08-16,45996
2021-08-17,44691
2021-08-18,44723
2021-08-19,46755
2021-08-20,49324
2021-08-21,48875
2021-08-22,49254
2021-08-23,49539
2021-08-24,47714
2021-08-25,48994
2021-08-26,46831
2021-08-27,49064
2021-08-28,48897
2021-08-29,48777
2021-08-30,46992
2021-08-31,47130
2021-09-01,40151
2021-09-02,46508
2021-09-03,54879
2021-09-04,58118
2021-09-05,58238
2021-09-06,37332
2021-09-07,33797
2021-09-08,46284
2021-09-09,46385
2021-09-10,54942
2021-09-11,66904
2021-09-12,47596
2021-09-13,44949
2021-09-14,47077
2021-09-15,48130
2021-09-16,47748
2021-09-17,47282
2021-09-18,48306
2021-09-19,47238
2021-09-20,42870
2021-09-21,40651
2021-09-22,43551
2021-09-23,44869
2021-09-24,42819
2021-09-25,42686
2021-09-26,43203
2021-09-27,42172
2021-09-28,41022
2021-09-29,41536
2021-09-30,43823
2021-10-01,38192
2021-10-02,44836
2021-10-03,55851
2021-10-04,59748
2021-10-05,55848
2021-10-06,36649
2021-10-07,33510
2021-10-08,45593
2021-10-09,44842
2021-10-10,54687
2021-10-11,64932
2021-10-12,47137
2021-10-13,57380
2021-10-14,57345
2021-10-15,61672
2021-10-16,60861
2021-10-17,61527
2021-10-18,62056
2021-10-19,64278
2021-10-20,65979
2021-10-21,62210
2021-10-22,60690
2021-10-23,61312
2021-10-24,60866
2021-10-25,63067
2021-10-26,60310
2021-10-27,58438
2021-10-28,60582
2021-10-29,62242
2021-10-30,61840
2021-10-31,61309
2021-11-01,35544
2021-11-02,47990
2021-11-03,57799
2021-11-04,59978
2021-11-05,56695
2021-11-06,37314
2021-11-07,34227
2021-11-08,45564
2021-11-09,45161
2021-11-10,57477
2021-11-11,64806
2021-11-12,49314
2021-11-13,64398
2021-11-14,65508
2021-11-15,63597
2021-11-16,60089
2021-11-17,60367
2021-11-18,56955
2021-11-19,58083
2021-11-20,59717
2021-11-21,58714
2021-11-22,56308
2021-11-23,57573
2021-11-24,57171
2021-11-25,58935
2021-11-26,53730
2021-11-27,54765
2021-11-28,57291
2021-11-29,57794
2021-11-30,56882
2021-12-01,34076
2021-12-02,47371
2021-12-03,57265
2021-12-04,59863
2021-12-05,49384
2021-12-06,35467
2021-12-07,33113
2021-12-08,44403
2021-12-09,46062
2021-12-10,56015
2021-12-11,64134
2021-12-12,50081
2021-12-13,46703
2021-12-14,48366
2021-12-15,48871
2021-12-16,47628
2021-12-17,46172
2021-12-18,46856
2021-12-19,46704
2021-12-20,46895
2021-12-21,48902
2021-12-22,48599
2021-12-23,50801
2021-12-24,50786
2021-12-25,50406
2021-12-26,50779
2021-12-27,50678
2021-12-28,47545
2021-12-29,46461
2021-12-30,47123
2021-12-31,46219
2022-01-01,47738
2022-01-02,38709
2022-01-03,44420
2022-01-04,46297
2022-01-05,38461
2022-01-06,29798
2022-01-13,42560
2022-01-14,43073
2022-01-15,43097
2022-01-16,43079
2022-01-17,42209
2022-01-18,42364
2022-01-19,41677
2022-01-20,40715
2022-01-21,36475
2022-01-22,35075
2022-01-23,36269
2022-01-24,36686
2022-01-25,36950
2022-01-26,36800
2022-01-27,37164
2022-01-28,37745
2022-01-29,38170
2022-01-30,37917
2022-01-31,38498
2022-02-01,47311
2022-02-02,36890
2022-02-03,43912
2022-02-04,45811
2022-02-05,38514
2022-02-06,30455
2022-02-13,42061
2022-02-14,42550
2022-02-15,44544
2022-02-16,43883
2022-02-17,40552
2022-02-18,40000
2022-02-19,40090
2022-02-20,38355
2022-02-21,37017
2022-02-22,38248
2022-02-23,37224
2022-02-24,38339
2022-02-25,39209
2022-02-26,39115
2022-02-27,37689
2022-02-28,43188
2022-03-01,46430
2022-03-02,37287
2022-03-03,42463
2022-03-04,46407
2022-03-05,37718
2022-03-06,29700
2022-03-13,37792
2022-03-14,39671
2022-03-15,39285
2022-03-16,41118
2022-03-17,40914
2022-03-18,41767
2022-03-19,42233
2022-03-20,41276
2022-03-21,41022
2022-03-22,42373
2022-03-23,42912
2022-03-24,44013
2022-03-25,44331
2022-03-26,44548
2022-03-27,46859
2022-03-28,47105
2022-03-29,47449
2022-03-30,47075
2022-03-31,45525
2022-04-01,45837
2022-04-02,41567
2022-04-03,39142
2022-04-04,46629
2022-04-05,39688
2022-04-06,29864
2022-04-13,41133
2022-04-14,39936
2022-04-15,40560
2022-04-16,40382
2022-04-17,39703
2022-04-18,40803
2022-04-19,41503
2022-04-20,41368
2022-04-21,40482
2022-04-22,39709
2022-04-23,39418
2022-04-24,39464
2022-04-25,40427
2022-04-26,38113
2022-04-27,39243
2022-04-28,39748
2022-04-29,38581
2022-04-30,37650
2022-05-01,43425
2022-05-02,41412
2022-05-03,39395
2022-05-04,45506
2022-05-05,36544
2022-05-06,29913
2022-05-13,29284
2022-05-14,30080
2022-05-15,31308
2022-05-16,29849
2022-05-17,30437
2022-05-18,28683
2022-05-19,30305
2022-05-20,29178
2022-05-21,29434
2022-05-22,30286
2022-05-23,29093
2022-05-24,29648
2022-05-25,29540
2022-05-26,29203
2022-05-27,28601
2022-05-28,29027
2022-05-29,29465
2022-05-30,31723
2022-05-31,31793
2022-06-01,43097
2022-06-02,42392
2022-06-03,38403
2022-06-04,43173
2022-06-05,36009
2022-06-06,31367
2022-06-13,22448
2022-06-14,22157
2022-06-15,22577
2022-06-16,20386
2022-06-17,20444
2022-06-18,18986
2022-06-19,20577
2022-06-20,20572
2022-06-21,20720
2022-06-22,19965
2022-06-23,21100
2022-06-24,21226
2022-06-25,21489
2022-06-26,21043
2022-06-27,20730
2022-06-28,20278
2022-06-29,20083
2022-07-01,41546
2022-07-02,43833
2022-07-03,38024
2022-07-04,43448
2022-07-05,35468
2022-07-06,31128
2022-08-01,41672
2022-08-02,44038
2022-08-03,38744
2022-08-04,42275
2022-08-05,34060
2022-08-06,30201
2022-09-01,41848
2022-09-02,44388
2022-09-03,41929
2022-09-04,42767
2022-09-05,30095
2022-09-06,30097
2022-10-01,41832
2022-10-02,43521
2022-10-03,39416
2022-10-04,42138
2022-10-05,31007
2022-10-06,29083
2022-11-01,42733
2022-11-02,42388
2022-11-03,38730
2022-11-04,39497
2022-11-05,29068
2022-11-06,28403
2022-12-01,43901
2022-12-02,42205
2022-12-03,38814
2022-12-04,40078
2022-12-05,28976
2022-12-06,26606
